Player,Season,Pos,WinScore,Efficiency,NBAPER,WNBAPER
Kristine Anigwe,2023,F-C,0.615,2.308,6.909,1.11
Alaina Coates,2023,C,0.333,1.083,3.325,-3.705
Liz Dixon,2023,F,1.143,2.214,14.596,17.273
Queen Egbo,2023,F-C,3.216,6.378,11.92,10.543
Destanni Henderson,2023,G,-0.033,3.067,6.194,6.109
Joyner Holmes,2023,F,1.941,4.147,10.317,10.791
Ashley Joens,2023,G,0.316,1.211,4.795,6.489
Evina Westbrook,2023,G,-0.306,0.833,0.343,-2.733
Amanda Zahui B.,2023,C,-0.074,1.147,2.948,-0.706
Lindsay Allen,2023,G,2.638,8.655,9.645,9.561
Rebecca Allen,2023,F-G,3.062,6.45,10.26,11.821
Laeticia Amihere,2023,F,0.167,1.429,7.198,5.256
Ariel Atkins,2023,G,3.907,11.037,13.462,14.783
Shakira Austin,2023,C-F,6.079,11.632,13.566,16.001
Rachel Banham,2023,G,0.531,4.062,7.779,9.472
Kierstan Bell,2023,F,0.528,2.861,6.016,6.938
Grace Berger,2023,G,1.806,5.0,9.315,10.531
Morgan Bertsch,2023,F,0.929,3.857,6.599,6.018
Monique Billings,2023,F,3.705,7.179,10.002,9.059
DeWanna Bonner,2023,G-F,7.262,16.3,17.373,22.053
Aliyah Boston,2023,F-C,10.562,19.325,19.622,22.4
Kalani Brown,2023,C,5.188,10.0,18.719,19.255
Lexie Brown,2023,G,4.917,11.583,12.757,16.663
Leigha Brown,2023,G,0.14,1.04,2.666,-0.508
Rae Burrell,2023,G-F,1.138,3.31,9.245,10.307
Veronica Burton,2023,G,2.363,5.025,10.459,8.23
Maya Caldwell,2023,G,-0.317,1.267,2.249,1.637
Jordin Canada,2023,G,5.158,15.053,14.077,15.855
Emma Cannon,2023,F,2.367,5.9,13.826,14.953
Bridget Carleton,2023,F,2.013,4.237,6.772,6.212
DiJonai Carrington,2023,G-F,2.156,7.312,11.969,12.967
Kaila Charles,2023,G-F,-1.0,1.0,-0.323,-5.729
Layshia Clarendon,2023,G,4.167,12.208,12.459,13.495
Alysha Clark,2023,F,3.821,7.974,9.298,9.122
Natasha Cloud,2023,G,4.27,14.054,11.924,13.164
Nia Clouden,2023,G,-1.4,0.6,-2.252,-3.489
Nia Coffey,2023,F,4.565,8.613,10.101,11.342
Napheesa Collier,2023,F,10.595,22.351,21.142,26.841
Sydney Colson,2023,G,0.696,2.0,11.191,7.356
Zia Cooke,2023,G,-0.962,1.795,4.116,6.577
Kahleah Copper,2023,G-F,4.053,14.132,13.648,18.421
Lauren Cox,2023,F,0.0,0.0,,
Lorela Cubaj,2023,F-C,1.167,1.667,-1.453,-9.816
Sophie Cunningham,2023,G,2.952,9.968,9.989,9.811
Crystal Dangerfield,2023,G,3.486,9.2,10.089,13.241
Elena Delle Donne,2023,F-G,7.696,16.957,19.605,24.779
Jasmine Dickey,2023,G,-0.321,1.143,4.55,3.764
Ivana Dojkić,2023,G,1.957,6.739,9.248,9.181
Stefanie Dolson,2023,C,1.696,4.739,9.82,8.449
AD Durr,2023,G,0.292,3.0,7.715,10.768
Emily Engstler,2023,F,1.667,2.833,8.578,9.114
Dana Evans,2023,G,0.897,6.718,9.868,12.958
Dulcy Fankam Mendjiadeu,2023,F-C,3.412,6.176,11.203,9.62
Cayla George,2023,C-F,0.047,1.625,1.857,2.076
Rebekah Gardner,2023,G,5.333,10.667,14.709,12.653
Cyesha Goree,2023,F,0.95,3.3,9.252,9.686
Allisha Gray,2023,G,6.5,16.711,16.181,18.687
Chelsea Gray,2023,G,8.325,19.25,18.403,22.7
Brittney Griner,2023,C,8.29,17.871,20.94,27.001
Arella Guirantes,2023,G,-0.056,0.556,4.316,6.428
Megan Gustafson,2023,C,4.059,8.735,17.13,19.039
Dearica Hamby,2023,F,4.913,10.5,11.062,12.296
Linnae Harper,2023,G,-0.179,0.929,2.365,1.25
Tyasha Harris,2023,G,1.112,4.75,8.817,11.43
Bernadett Hatar,2023,C,0.333,2.0,5.266,3.625
Tianna Hawkins,2023,F,5.163,10.5,12.617,13.592
Tiffany Hayes,2023,G,4.025,11.8,13.338,14.283
Ruthy Hebard,2023,F,2.816,5.263,17.812,18.37
Natisha Hiedeman,2023,G,1.862,7.6,7.754,8.896
Naz Hillmon,2023,F,2.825,5.8,10.841,10.005
Khaalia Hillsman,2023,C,0.0,0.0,0.68,0.329
Myisha Hines-Allen,2023,F,2.471,6.971,8.24,8.147
Jordan Horston,2023,F,2.861,7.583,8.214,9.725
Natasha Howard,2023,F,7.487,17.41,15.173,18.142
Rhyne Howard,2023,G,5.308,15.179,14.083,17.298
Lexie Hull,2023,G,1.417,5.2,6.455,4.632
Sabrina Ionescu,2023,G,8.653,18.583,17.564,21.917
Moriah Jefferson,2023,G,2.346,9.769,11.483,14.647
Marine Johannes,2023,G,1.5,5.771,8.65,10.643
Brionna Jones,2023,F,10.115,20.462,19.632,21.053
Haley Jones,2023,F-G,0.9,4.425,5.927,5.217
Jonquel Jones,2023,C,9.013,15.825,18.051,20.362
Dorka Juhász,2023,F,6.974,11.421,12.664,13.854
Sika Koné,2023,F,2.075,4.75,11.519,8.35
Awak Kuier,2023,F,2.068,3.595,9.479,10.428
Betnijah Laney-Hamilton,2023,G-F,4.375,12.1,12.102,15.265
Jewell Loyd,2023,G,4.711,17.474,16.774,22.311
Marina Mabrey,2023,G,4.115,13.0,13.24,16.649
Ezi Magbegor,2023,F-C,9.05,17.05,15.424,17.904
Kayla McBride,2023,G,4.474,12.211,12.141,15.677
Teaira McCowan,2023,C,8.95,16.067,18.26,20.388
Aari McDonald,2023,G,1.896,7.417,8.653,10.258
Jade Melbourne,2023,G,0.431,2.966,5.548,2.117
Li Meng,2023,G,0.882,4.029,7.443,8.974
Abby Meyers,2023,G,0.111,1.0,8.087,7.852
Taylor Mikesell,2023,G,1.167,2.5,18.423,23.488
Nikolina Milic,2023,F,1.308,5.256,10.424,11.149
Diamond Miller,2023,F,2.094,9.688,10.318,12.664
Kelsey Mitchell,2023,G,3.088,13.1,13.185,17.064
Tiffany Mitchell,2023,G,0.348,6.061,5.802,5.103
Olivia Nelson-Ododa,2023,C,3.615,6.615,13.069,11.166
Kia Nurse,2023,G,1.562,5.425,6.737,6.833
Arike Ogunbowale,2023,G,3.912,16.4,13.828,18.499
Chiney Ogwumike,2023,F-C,2.8,9.0,10.995,9.961
Nneka Ogwumike,2023,F,11.25,22.5,21.501,26.417
Michaela Onyenwere,2023,F,1.688,7.275,8.024,8.5
Candace Parker,2023,F-C,7.556,13.889,17.063,19.476
Cheyenne Parker-Tyus,2023,F,6.85,15.425,18.44,22.402
Robyn Parks,2023,F,1.284,3.432,7.112,8.64
Shey Peddy,2023,G,2.222,6.0,10.848,10.76
Kelsey Plum,2023,G,5.833,17.256,17.037,20.726
Aerial Powers,2023,G,1.325,4.2,12.344,18.201
Epiphanny Prince,2023,G,0.4,1.8,6.192,6.095
Danielle Robinson,2023,G,2.484,7.656,9.231,9.114
Iliana Rupert,2023,C,1.525,2.8,7.926,5.78
Mercedes Russell,2023,C,3.338,6.811,9.036,10.286
Nyara Sabally,2023,C,1.364,2.939,8.345,5.625
Satou Sabally,2023,F,9.382,21.263,18.754,21.167
Karlie Samuelson,2023,G,4.309,9.529,10.031,9.283
Victaria Saxton,2023,F,-0.133,0.733,1.578,-1.604
Jessica Shepard,2023,F,7.762,14.095,13.961,14.876
Maddy Siegrist,2023,F,1.872,4.026,17.178,20.132
Jennie Simms,2023,G,0.417,2.167,2.613,0.594
Odyssey Sims,2023,G,0.839,3.286,6.154,5.139
Kadi Sissoko,2023,F,0.325,1.525,2.013,-0.503
Alanna Smith,2023,F,7.539,13.158,14.83,15.435
NaLyssa Smith,2023,F,6.919,15.742,13.57,16.884
Taylor Soule,2023,F,-0.4,0.067,-1.936,-4.712
Azura Stevens,2023,F-C,4.757,10.857,12.014,14.834
Breanna Stewart,2023,F,13.962,26.0,24.818,30.938
Kiah Stokes,2023,C,5.825,7.4,9.109,7.752
Sug Sutton,2023,G,1.7,8.4,8.016,10.516
Brittney Sykes,2023,G,6.225,16.275,15.631,18.646
Diana Taurasi,2023,G,3.904,13.692,14.196,16.772
Alyssa Thomas,2023,F,11.4,23.55,17.568,20.835
Jasmine Thomas,2023,G,0.047,2.125,4.184,4.957
Sam Thomas,2023,G-F,-1.5,-1.0,-6.457,-9.566
Kayla Thornton,2023,F,3.688,6.55,10.758,10.593
Kristi Toliver,2023,G,0.182,2.273,6.541,8.28
Kayana Traylor,2023,G,-0.5,0.5,1.93,-0.354
Brianna Turner,2023,F-C,6.638,9.5,8.903,8.214
Yvonne Turner,2023,G,1.095,2.952,8.552,8.884
Courtney Vandersloot,2023,G,5.769,15.077,14.295,17.331
Victoria Vivians,2023,G-F,2.513,6.158,8.245,8.211
Shatori Walker-Kimbrough,2023,G,3.113,7.05,8.986,10.178
Kristy Wallace,2023,G,1.676,6.081,8.535,10.24
Erica Wheeler,2023,G,3.025,11.125,11.053,12.665
Sami Whitcomb,2023,G,3.475,9.3,11.024,13.255
Courtney Williams,2023,G,6.962,15.225,13.044,17.132
Elizabeth Williams,2023,C-F,6.938,13.15,14.775,17.098
Gabby Williams,2023,F,2.4,8.9,9.122,11.745
Madi Williams,2023,G-F,-1.2,0.4,-1.644,-1.673
Jocelyn Willoughby,2023,F-G,0.586,1.586,5.889,4.23
A'ja Wilson,2023,C,14.388,25.75,28.506,34.974
Han Xu,2023,C,-0.562,0.25,-0.105,6.299
Jackie Young,2023,G,8.513,18.8,19.129,23.291
Rachel Banham,2024,G,1.068,4.378,7.762,8.759
Morgan Bertsch,2024,F,-1.227,0.273,-2.749,-5.612
Monique Billings,2024,F,4.797,9.865,11.341,12.086
Crystal Dangerfield,2024,G,0.212,2.758,5.156,6.762
Queen Egbo,2024,F-C,1.312,2.25,18.434,19.852
Myisha Hines-Allen,2024,F,5.138,10.925,15.188,16.546
Moriah Jefferson,2024,G,-0.022,1.565,4.823,3.375
Sika Koné,2024,F,1.722,4.185,14.114,14.84
Marina Mabrey,2024,G,4.638,13.475,12.26,15.885
Odyssey Sims,2024,G,4.312,13.167,14.719,18.881
Sug Sutton,2024,G,0.345,2.759,4.686,4.884
Celeste Taylor,2024,G,0.727,2.636,5.274,5.539
Lindsay Allen,2024,G,2.788,8.5,10.071,11.328
Rebecca Allen,2024,F-G,4.111,8.278,9.476,11.399
Laeticia Amihere,2024,F,0.312,0.75,3.202,4.283
Ariel Atkins,2024,G,4.175,13.2,13.75,16.911
Amy Atwell,2024,F,0.583,2.167,7.364,8.227
Shakira Austin,2024,C-F,4.75,11.083,15.601,18.717
Kierstan Bell,2024,F,0.833,2.667,9.331,10.175
Grace Berger,2024,G,0.591,2.545,6.261,4.75
Caitlin Bickle,2024,F,-0.438,-0.375,-7.689,-9.609
DeWanna Bonner,2024,G-F,6.65,14.675,13.839,17.704
Aliyah Boston,2024,F-C,9.812,18.95,17.965,21.059
Cameron Brink,2024,F,3.967,8.933,11.455,10.003
Jaelyn Brown,2024,G-F,1.036,2.714,6.868,6.746
Jakia Brown-Turner,2024,G,1.0,1.5,14.064,12.135
Kalani Brown,2024,C,2.91,6.564,14.516,16.101
Lexie Brown,2024,G,1.5,7.062,7.856,10.093
Kennedy Burke,2024,G-F,1.355,3.605,8.707,10.529
Rae Burrell,2024,G-F,1.73,5.297,10.903,10.064
Veronica Burton,2024,G,2.097,4.677,11.353,10.433
Maya Caldwell,2024,G,1.46,4.76,9.172,11.453
Jordin Canada,2024,G,4.55,13.1,12.198,12.861
Emma Cannon,2024,F,0.5,1.0,13.558,21.539
Kamilla Cardoso,2024,C,7.828,14.062,15.423,16.405
Bridget Carleton,2024,F,5.782,11.282,11.613,13.048
DiJonai Carrington,2024,G-F,4.115,11.564,11.796,13.688
Chennedy Carter,2024,G,3.773,14.909,17.323,22.238
Jessika Carter,2024,C,-1.0,-1.5,-20.95,-19.661
Tina Charles,2024,C,8.974,18.103,16.717,21.403
Layshia Clarendon,2024,G,1.81,6.048,9.093,7.158
Alysha Clark,2024,F,3.6,8.025,7.809,6.654
Caitlin Clark,2024,G,7.062,20.2,15.485,18.792
Natasha Cloud,2024,G,4.882,14.316,11.886,13.415
Nia Coffey,2024,F,1.263,3.45,6.362,7.122
Napheesa Collier,2024,F,12.735,24.294,21.939,27.453
Sydney Colson,2024,G,0.919,2.677,10.477,11.16
Zia Cooke,2024,G,-0.638,1.414,4.279,6.507
Kahleah Copper,2024,G-F,3.257,15.081,13.494,17.176
Lorela Cubaj,2024,F-C,0.911,2.286,6.472,3.312
Sophie Cunningham,2024,G,5.462,10.675,10.779,10.643
Damiris Dantas,2024,C-F,2.175,4.65,11.583,13.911
Kaela Davis,2024,F,-0.5,1.0,1.999,1.464
Marquesha Davis,2024,G,0.25,1.05,7.462,6.243
Diamond DeShields,2024,G,0.016,3.25,5.706,6.225
Skylar Diggins,2024,G,4.338,15.325,15.797,18.886
Liz Dixon,2024,F,1.912,3.118,9.355,9.276
Ivana Dojkić,2024,G,0.538,2.654,8.108,7.551
Stefanie Dolson,2024,C,5.615,11.872,11.73,12.188
Aaliyah Edwards,2024,F,4.882,9.912,12.067,12.287
Emily Engstler,2024,F,5.25,8.969,19.299,21.956
Olivia Époupa,2024,G,1.265,2.824,9.849,8.077
Dana Evans,2024,G,1.115,5.897,9.365,11.702
Temi Fagbenle,2024,C,3.841,8.455,11.348,10.174
Dyaisha Fair,2024,G,-1.0,0.0,-2.26,1.494
Dulcy Fankam Mendjiadeu,2024,F-C,0.571,1.143,3.831,-0.299
Leonie Fiebich,2024,F,4.1,8.55,11.808,12.074
Kysre Gondrezick,2024,G,0.2,1.0,8.897,11.073
Allisha Gray,2024,G,4.775,13.3,13.219,15.969
Chelsea Gray,2024,G,4.037,10.481,11.862,14.734
Brittney Griner,2024,C,9.633,19.3,22.384,28.899
Megan Gustafson,2024,C,2.0,4.342,11.049,9.895
Dearica Hamby,2024,F,10.138,20.5,16.478,20.126
Isabelle Harrison,2024,F,2.472,6.417,10.482,13.661
Mikiah Herbert Harrigan,2024,F,1.419,3.0,9.212,10.249
Tyasha Harris,2024,G,3.0,9.436,10.739,13.247
Tiffany Hayes,2024,G,4.394,10.212,15.191,16.623
Destanni Henderson,2024,G,0.167,3.333,3.208,5.395
Natisha Hiedeman,2024,G,1.525,5.275,9.909,11.709
Naz Hillmon,2024,F,5.55,9.4,12.597,13.711
Joyner Holmes,2024,F,1.148,3.296,9.253,10.389
Jordan Horston,2024,F,4.679,9.256,12.026,13.825
Natasha Howard,2024,F,5.519,16.074,15.602,19.934
Rhyne Howard,2024,G,5.367,14.5,14.299,18.11
Lexie Hull,2024,G,2.574,6.324,9.281,7.39
Sabrina Ionescu,2024,G,6.053,17.105,16.451,22.722
Rickea Jackson,2024,F,3.662,10.975,12.152,16.01
Brionna Jones,2024,F,6.8,14.95,17.83,20.966
Haley Jones,2024,F-G,0.675,4.275,4.239,2.771
Jonquel Jones,2024,C,11.218,19.692,18.514,21.219
Dorka Juhász,2024,F,4.0,7.029,12.063,14.241
Ezinne Kalu,2024,G,-0.5,3.0,2.813,-7.71
Betnijah Laney-Hamilton,2024,G-F,5.018,12.786,12.006,14.385
Lou Lopez Sénéchal,2024,G,-0.167,0.63,1.985,1.308
Jewell Loyd,2024,G,4.108,15.378,14.651,18.616
Natasha Mack,2024,F,5.875,8.35,16.374,18.012
Ezi Magbegor,2024,F-C,9.622,16.622,17.142,19.106
Kate Martin,2024,G,1.103,2.794,5.61,5.648
Kayla McBride,2024,G,5.321,13.487,14.221,17.4
Teaira McCowan,2024,C,8.538,15.795,18.345,20.304
Aari McDonald,2024,G,2.365,8.731,11.68,13.177
Jade Melbourne,2024,G,0.824,4.514,8.303,9.314
Diamond Miller,2024,F,0.024,1.952,2.978,2.608
Kelsey Mitchell,2024,G,4.45,14.025,15.235,21.239
Tiffany Mitchell,2024,G,0.604,3.708,6.781,7.024
Nika Mühl,2024,G,-0.312,0.25,-1.868,-5.919
Astou Ndour-Fall,2024,C-F,0.432,1.091,5.986,5.507
Olivia Nelson-Ododa,2024,C,1.797,3.973,9.195,7.622
Kia Nurse,2024,G,0.9,5.425,7.636,8.707
Arike Ogunbowale,2024,G,5.829,19.105,15.705,19.878
Nneka Ogwumike,2024,F,10.5,20.324,19.736,24.741
Michaela Onyenwere,2024,F,0.588,4.618,6.995,8.151
Charisma Osborne,2024,G,-0.5,0.5,-2.884,-3.015
Cheyenne Parker-Tyus,2024,F,3.68,9.84,13.042,13.979
Alissa Pili,2024,F,0.205,1.818,4.058,0.83
Kelsey Plum,2024,G,3.382,14.079,12.488,15.772
Aerial Powers,2024,G,2.176,7.412,11.91,13.396
Angel Reese,2024,F,10.265,18.765,15.72,17.062
DiDi Richards,2024,G-F,0.737,2.368,6.279,7.355
Mercedes Russell,2024,C,3.041,5.703,9.865,10.78
Nyara Sabally,2024,C,5.096,8.038,18.72,19.339
Satou Sabally,2024,F,8.1,19.133,16.467,19.054
Karlie Samuelson,2024,G,3.931,9.103,11.317,12.661
Katie Lou Samuelson,2024,F,2.243,5.216,7.759,7.563
Victaria Saxton,2024,F,-0.222,0.333,-0.384,-2.629
Jacy Sheldon,2024,G,1.012,5.675,5.983,5.172
Jaylyn Sherrod,2024,G,0.7,1.8,18.265,21.107
Maddy Siegrist,2024,F,4.093,9.37,13.586,17.606
Alanna Smith,2024,F,7.026,13.641,15.705,17.05
NaLyssa Smith,2024,F,6.45,12.225,13.994,16.051
Stephanie Soares,2024,C,1.182,2.136,5.993,5.192
Taylor Soule,2024,F,0.0,0.0,-11.47,-11.314
Azura Stevens,2024,F-C,6.5,11.95,12.319,15.184
Breanna Stewart,2024,F,11.921,23.237,22.814,27.683
Kiah Stokes,2024,C,4.487,5.846,6.863,4.529
Brittney Sykes,2024,G,3.278,10.611,13.103,18.017
Stephanie Talbot,2024,F,2.608,5.568,8.94,9.035
Diana Taurasi,2024,G,4.333,13.194,13.211,15.519
Alyssa Thomas,2024,F,10.1,19.5,16.393,18.837
Kayla Thornton,2024,F,2.6,5.675,8.837,9.949
Brianna Turner,2024,F-C,1.981,3.037,8.196,6.512
Sevgi Uzun,2024,G,0.712,4.7,5.497,6.324
Courtney Vandersloot,2024,G,3.387,9.065,11.216,13.139
Julie Vanloo,2024,G,0.162,6.1,5.418,6.792
Victoria Vivians,2024,G-F,1.186,3.314,6.411,6.77
Shatori Walker-Kimbrough,2024,G,2.4,6.75,10.385,13.16
Kristy Wallace,2024,G,2.192,5.423,9.535,11.242
Erica Wheeler,2024,G,1.115,4.128,7.345,8.32
Sami Whitcomb,2024,G,1.475,4.75,8.394,10.031
Courtney Williams,2024,G,4.75,13.45,12.956,17.513
Elizabeth Williams,2024,C-F,7.778,13.333,16.417,19.626
Gabby Williams,2024,F,6.208,13.333,13.808,16.851
Kiana Williams,2024,G,-0.308,0.308,0.882,2.585
A'ja Wilson,2024,C,17.658,31.026,30.165,38.599
Jackie Young,2024,G,6.176,16.676,15.189,18.154
Li Yueru,2024,C,2.921,6.553,12.066,10.353
Cecilia Zandalasini,2024,F,1.225,4.1,9.462,10.136
Grace Berger,2025,G,0.333,3.333,1.472,-0.733
Chloe Bibby,2025,F,2.208,4.667,12.288,13.617
DeWanna Bonner,2025,G-F,5.2,10.3,13.803,16.206
DiJonai Carrington,2025,G-F,2.455,9.0,10.323,12.211
Kaila Charles,2025,G-F,3.833,7.571,13.042,13.076
Alysha Clark,2025,F,2.0,4.857,6.178,4.524
Marquesha Davis,2025,G,-0.227,0.273,1.147,0.331
Haley Jones,2025,F-G,2.353,7.118,9.837,11.105
Liatu King,2025,F,1.321,3.143,7.941,6.781
Diamond Miller,2025,F,0.741,3.407,9.457,6.627
Tiffany Mitchell,2025,G,0.444,2.815,5.236,3.114
Alissa Pili,2025,F,0.667,1.867,6.727,5.678
NaLyssa Smith,2025,F,4.333,8.848,11.958,11.344
Brittney Sykes,2025,G,2.385,12.346,12.026,13.664
Stephanie Talbot,2025,F,2.9,5.84,8.69,8.574
Sevgi Uzun,2025,G,-0.25,2.667,2.639,1.703
Julie Vanloo,2025,G,0.045,3.364,3.912,3.68
Li Yueru,2025,C,4.018,7.821,12.23,11.852
Monique Akoa Makani,2025,G,2.554,8.607,11.536,12.019
Julie Allemand,2025,G,5.238,10.476,9.402,9.705
Lindsay Allen,2025,G,0.167,2.476,4.235,3.191
Rebecca Allen,2025,F-G,2.194,5.806,7.615,9.246
Laeticia Amihere,2025,F,4.184,8.105,15.817,15.83
Yvonne Anderson,2025,G,-0.5,2.0,0.872,-7.664
Ariel Atkins,2025,G,4.021,12.792,13.858,15.99
Shakira Austin,2025,C-F,5.241,12.481,15.647,19.957
Marième Badiane,2025,C,-1.667,-0.667,-15.502,-35.837
Rachel Banham,2025,G,2.065,7.839,10.054,11.766
Sarah Ashlee Barker,2025,G,0.72,3.08,3.206,1.682
Kierstan Bell,2025,F,1.021,2.958,9.345,13.163
Monique Billings,2025,F,4.881,8.762,15.343,17.631
Aliyah Boston,2025,F-C,10.188,20.312,19.945,22.688
Crystal Bradford,2025,F,0.75,1.75,6.692,5.628
Cameron Brink,2025,F,2.7,5.4,13.733,12.826
Jaelyn Brown,2025,G-F,0.4,2.6,5.261,4.478
Kalani Brown,2025,C,4.54,7.76,16.72,17.459
Lexie Brown,2025,G,0.595,2.19,5.91,4.712
Paige Bueckers,2025,G,6.979,19.0,17.961,22.439
Kennedy Burke,2025,G-F,4.521,8.708,13.986,16.698
Rae Burrell,2025,G-F,2.214,5.857,10.438,11.715
Veronica Burton,2025,G,5.583,13.433,14.318,14.909
Maya Caldwell,2025,G,2.5,5.778,10.212,11.432
Jordin Canada,2025,G,5.068,13.727,14.032,16.954
Emma Cannon,2025,F,1.825,4.65,11.972,10.066
Kamilla Cardoso,2025,C,7.389,14.926,16.341,19.557
Bridget Carleton,2025,F,4.758,9.387,9.394,10.157
Tina Charles,2025,C,4.276,13.483,14.115,18.353
Kaitlyn Chen,2025,G,0.667,3.0,5.502,5.657
Sonia Citron,2025,G,6.4,14.667,14.025,16.549
Caitlin Clark,2025,G,4.346,16.615,13.516,17.381
Natasha Cloud,2025,G,5.224,13.759,12.786,12.995
Nia Coffey,2025,F,2.3,4.833,11.579,11.77
Napheesa Collier,2025,F,13.115,26.115,26.847,33.078
Sydney Colson,2025,G,0.417,2.833,5.132,4.782
Zia Cooke,2025,G,-0.521,1.542,3.822,3.878
Kahleah Copper,2025,G-F,2.893,11.714,13.854,16.335
Sophie Cunningham,2025,G,5.111,9.963,11.132,11.448
Damiris Dantas,2025,C-F,0.769,3.923,7.517,7.551
Kariata Diaby,2025,C,0.346,2.077,4.862,-1.069
Skylar Diggins,2025,G,4.383,14.933,15.418,18.55
Stefanie Dolson,2025,C,1.217,4.233,5.063,2.109
Aaliyah Edwards,2025,F,2.5,5.714,12.884,14.315
Emily Engstler,2025,F,2.846,4.923,12.257,12.77
Dana Evans,2025,G,0.242,4.419,7.609,9.715
Temi Fagbenle,2025,C,5.02,10.72,12.143,12.541
Sania Feagin,2025,F,-0.833,-0.083,-2.617,-3.669
Leonie Fiebich,2025,F,5.152,10.696,10.837,10.892
Rebekah Gardner,2025,G,2.155,4.793,11.457,10.229
Luisa Geiselsoder,2025,C,5.8,10.35,12.346,14.109
Allisha Gray,2025,G,8.483,19.2,17.063,19.54
Chelsea Gray,2025,G,4.758,12.419,11.828,13.774
Brittney Griner,2025,C,4.86,10.72,12.662,15.528
Megan Gustafson,2025,C,0.708,3.0,4.002,-0.248
Bree Hall,2025,G,-0.5,0.0,-7.18,-8.89
Dearica Hamby,2025,F,9.7,20.067,19.509,23.399
Isabelle Harrison,2025,F,2.815,6.111,15.831,16.883
Tyasha Harris,2025,G,2.6,6.0,12.0,13.577
Bria Hartley,2025,G,1.431,8.034,9.466,9.721
Tiffany Hayes,2025,G,4.095,11.476,11.912,13.865
Lexi Held,2025,G,1.455,5.364,10.024,12.166
Natisha Hiedeman,2025,G,2.548,7.968,12.777,15.235
Naz Hillmon,2025,F,6.65,11.933,14.863,16.82
Myisha Hines-Allen,2025,F,4.574,9.815,11.172,10.598
Joyner Holmes,2025,F,-0.583,0.333,-3.371,-5.267
Mackenzie Holmes,2025,F,1.0,1.571,9.974,8.009
Natasha Howard,2025,F,7.281,14.219,16.793,19.213
Rhyne Howard,2025,G,5.395,15.211,13.563,15.864
Lexie Hull,2025,G,3.906,8.656,9.131,8.841
Sabrina Ionescu,2025,G,7.483,19.345,19.58,25.386
Kiki Iriafen,2025,F,6.867,14.767,14.61,15.714
Rickea Jackson,2025,F,2.38,10.52,10.452,14.266
Aziaha James,2025,G,2.463,6.815,12.08,15.343
Moriah Jefferson,2025,G,1.0,2.8,7.986,8.252
Marine Johannes,2025,G,2.867,6.533,10.593,13.563
Brionna Jones,2025,F,8.583,16.533,18.357,21.338
Jonquel Jones,2025,C,10.111,17.889,19.278,22.354
Elizabeth Kitley,2025,C,-0.042,1.083,1.23,-2.43
Sika Koné,2025,F,0.909,2.545,6.716,3.892
Anastasiia Kosu,2025,F,0.179,1.071,13.589,15.165
Leïla Lacan,2025,G,4.042,11.25,14.148,14.085
Kitija Laksa,2025,F,0.875,4.393,7.104,8.527
Carla Leite,2025,G,0.458,5.667,9.127,10.408
Kyara Linskens,2025,C,0.625,1.75,4.518,-1.85
Jewell Loyd,2025,G,3.839,10.161,11.247,13.629
Marina Mabrey,2025,G,1.525,10.9,8.787,11.583
Natasha Mack,2025,F,6.925,9.6,18.436,18.654
Ezi Magbegor,2025,F-C,7.355,12.548,14.932,16.049
Dominique Malonga,2025,C,3.233,7.167,15.763,18.316
Rayah Marshall,2025,C-F,1.05,2.2,7.084,7.536
Kate Martin,2025,G,0.893,4.107,6.127,8.524
Kayla McBride,2025,G,5.5,13.778,14.557,17.959
Megan McConnell,2025,G,2.0,5.0,13.61,15.065
Teaira McCowan,2025,C,4.676,7.882,18.618,20.401
Aari McDonald,2025,G,3.3,10.85,11.845,12.617
Emma Meesseman,2025,F,6.833,15.333,20.324,24.365
Jade Melbourne,2025,G,0.931,5.724,5.77,4.937
Kelsey Mitchell,2025,G,3.984,14.688,16.586,22.389
Aneesah Morrow,2025,F,3.885,8.115,12.58,13.645
Murjanatu Musa,2025,C,1.958,4.333,12.708,12.343
Olivia Nelson-Ododa,2025,C,5.536,10.393,14.452,15.102
Kia Nurse,2025,G,1.081,5.226,5.356,6.19
Aaliyah Nye,2025,G-F,1.0,3.677,5.691,6.013
Arike Ogunbowale,2025,G,2.375,12.429,11.644,14.275
Nneka Ogwumike,2025,F,9.355,19.355,18.811,24.735
Lucy Olsen,2025,G,1.148,3.815,9.313,10.018
Michaela Onyenwere,2025,F,0.603,4.103,6.096,5.866
Te-Hina PaoPao,2025,G,2.259,5.793,11.62,14.19
Robyn Parks,2025,F,0.75,1.667,1.313,-2.613
Shey Peddy,2025,G,3.417,7.833,9.037,7.818
Haley Peters,2025,F-G,1.0,3.16,4.603,2.557
Kelsey Plum,2025,G,5.155,18.034,15.461,17.48
Aerial Powers,2025,G,1.25,2.0,21.241,20.972
Alexis Prince,2025,F,4.0,6.0,-1.091,-1.123
JJ Quinerly,2025,G,1.517,6.379,11.562,12.046
Angel Reese,2025,F,10.935,20.609,16.714,18.168
Saniya Rivers,2025,G,3.148,8.148,10.58,12.779
Iliana Rupert,2025,C,4.062,9.125,12.792,12.925
Mercedes Russell,2025,C,1.075,2.45,8.915,7.378
Nyara Sabally,2025,C,4.533,8.267,12.624,12.485
Satou Sabally,2025,F,5.96,15.88,17.238,19.909
Janelle Salaün,2025,F,3.045,8.864,8.764,10.88
Karlie Samuelson,2025,G,0.938,3.5,5.847,3.242
Jacy Sheldon,2025,G,2.911,8.107,10.326,10.779
Jessica Shepard,2025,F,7.796,12.778,17.59,20.034
Jaylyn Sherrod,2025,G,0.222,1.444,4.721,0.225
Maddy Siegrist,2025,F,4.308,9.615,13.574,17.02
Odyssey Sims,2025,G,3.417,10.333,10.138,10.963
Kamiah Smalls,2025,G,0.0,0.0,0.68,0.329
Alanna Smith,2025,F,6.967,12.567,15.995,18.448
Azura Stevens,2025,F-C,10.9,18.5,19.608,23.064
Breanna Stewart,2025,F,9.229,19.792,20.362,24.938
Kiah Stokes,2025,C,3.828,5.276,6.955,4.75
Sug Sutton,2025,G,2.5,7.828,9.145,11.257
Taylor Thierry,2025,G-F,0.219,0.375,6.032,8.348
Alyssa Thomas,2025,F,12.24,25.04,22.49,27.473
Kayla Thornton,2025,F,5.955,13.545,12.873,15.377
Makayla Timpson,2025,F-C,2.614,4.318,16.551,17.049
Mamignan Touré,2025,F,-0.5,0.833,1.174,-3.63
Brianna Turner,2025,F-C,0.5,0.938,4.305,3.24
Maria Kliundikova,2025,F,2.762,5.0,18.519,21.064
Courtney Vandersloot,2025,G,4.357,12.571,13.135,16.36
Hailey Van Lith,2025,G,-0.12,2.72,5.305,7.399
Shatori Walker-Kimbrough,2025,G,1.033,2.533,7.11,7.425
Kathryn Westbeld,2025,F,2.845,6.31,9.534,10.418
Maddy Westbeld,2025,F,1.132,3.474,6.96,6.058
Erica Wheeler,2025,G,3.516,11.323,11.728,14.159
Sami Whitcomb,2025,G,3.138,9.207,10.229,12.413
Courtney Williams,2025,G,6.419,16.452,16.005,21.447
Elizabeth Williams,2025,C-F,4.661,9.742,14.347,18.429
Gabby Williams,2025,F,7.5,15.903,14.944,19.09
Kiana Williams,2025,G,2.417,5.167,14.094,19.392
A'ja Wilson,2025,C,12.593,24.333,26.672,32.854
Jackie Young,2025,G,6.323,17.226,18.154,21.398
Cecilia Zandalasini,2025,F,3.769,9.231,11.888,13.091
